{
    "0gXwP32hs0Zdbfkj0kc8YxBnlI0V": {
        "name": "Macy's 5th Street Store",
        "merchantName": "Consumer Electronics Store",
        "status": "ACTIVE",
        "products": [],
        "location": {
            "address1": "55 w 5th ave",
            "address2": "suite 11",
            "city": "San Mateo",
            "zip": "94401",
            "state": "CA",
            "country": "USA",
            "geoPoint": {
                "lat": 37.5593839,
                "lng": -122.3264165
            }
        },
        "hours": [{
            "open": "9:00am",
            "close": "9:30pm"
        },
        {
            "open": "9:00am",
            "close": "9:30pm"
        },
        {
            "open": "9:00am",
            "close": "9:30pm"
        },
        {
            "open": "9:00am",
            "close": "9:30pm"
        },
        {
            "open": "9:00am",
            "close": "9:30pm"
        },
        {
            "open": "9:00am",
            "close": "9:30pm"
        },
        {
            "open": "9:00am",
            "close": "9:30pm"
        }]
    }
}

